{"ISA":{"0":"ADD","1":"LB","2":"SLL","3":"JALR","4":"SW","5":"AUIPC","6":"OR","7":"LUI","8":"XOR","9":"SLT","10":"SRAI","11":"SH","12":"SLTIU","13":"BEQ","14":"XORI","15":"SRLI","16":"ADDI","17":"BNE","18":"SLTI","19":"AND"},"Generated Line":{"0":5236.0,"1":5244.0,"2":5236.0,"3":5236.0,"4":5135.0,"5":5236.0,"6":5236.0,"7":5236.0,"8":5236.0,"9":5236.0,"10":5236.0,"11":5135.0,"12":5236.0,"13":5108.0,"14":5236.0,"15":5236.0,"16":5236.0,"17":5108.0,"18":5236.0,"19":5236.0},"Reduced Workload(%)":{"0":29.6455667535,"1":29.8174788196,"2":29.6388542964,"3":29.8722044728,"4":29.3999770984,"5":30.091954023,"6":29.6455667535,"7":30.0954132659,"8":29.6455667535,"9":29.6388542964,"10":29.8517673888,"11":29.3462109955,"12":29.8585766423,"13":29.3158861341,"14":29.865389003,"15":29.8517673888,"16":29.865389003,"17":29.3125215196,"18":29.8585766423,"19":29.6455667535},"generated reg":{"0":266.0,"1":266.0,"2":266.0,"3":266.0,"4":269.0,"5":266.0,"6":266.0,"7":266.0,"8":266.0,"9":266.0,"10":266.0,"11":269.0,"12":266.0,"13":266.0,"14":266.0,"15":266.0,"16":266.0,"17":266.0,"18":266.0,"19":266.0}}