{"ISA":{"0":"ADD","1":"LB","2":"SLL","3":"JALR","4":"SW","5":"AUIPC","6":"OR","7":"LUI","8":"XOR","9":"SLT","10":"SRAI","11":"SH","12":"SLTIU","13":"BEQ","14":"XORI","15":"SRLI","16":"ADDI","17":"BNE","18":"SLTI","19":"AND","20":"SRA","21":"BGE","22":"BGEU","23":"LH","24":"SLLI","25":"BLTU","26":"JAL","27":"LHU","28":"ANDI","29":"SUB","30":"SRL","31":"BLT","32":"SLTU","33":"LBU","34":"SB","35":"LW","36":"ORI"},"Generated Line":{"0":5236.0,"1":5244.0,"2":5236.0,"3":5236.0,"4":5135.0,"5":5236.0,"6":5236.0,"7":5236.0,"8":5236.0,"9":5236.0,"10":5236.0,"11":5135.0,"12":5236.0,"13":5108.0,"14":5236.0,"15":5236.0,"16":5236.0,"17":5108.0,"18":5236.0,"19":5236.0,"20":5236.0,"21":5108.0,"22":5108.0,"23":5244.0,"24":5236.0,"25":5108.0,"26":5236.0,"27":5244.0,"28":5236.0,"29":5236.0,"30":5236.0,"31":5108.0,"32":5236.0,"33":5244.0,"34":5135.0,"35":5244.0,"36":5236.0},"Reduced Workload(%)":{"0":29.6455667535,"1":29.8174788196,"2":29.6388542964,"3":29.8722044728,"4":29.3999770984,"5":30.091954023,"6":29.6455667535,"7":30.0954132659,"8":29.6455667535,"9":29.6388542964,"10":29.8517673888,"11":29.3462109955,"12":29.8585766423,"13":29.3158861341,"14":29.865389003,"15":29.8517673888,"16":29.865389003,"17":29.3125215196,"18":29.8585766423,"19":29.6455667535,"20":29.6388542964,"21":29.3091576773,"22":29.3091576773,"23":29.8412337108,"24":29.8517673888,"25":29.3158861341,"26":30.0677615711,"27":29.8412337108,"28":29.865389003,"29":29.6455667535,"30":29.6388542964,"31":29.3158861341,"32":29.6388542964,"33":29.8174788196,"34":29.2826186131,"35":29.8650264821,"36":29.865389003},"generated reg":{"0":266.0,"1":266.0,"2":266.0,"3":266.0,"4":269.0,"5":266.0,"6":266.0,"7":266.0,"8":266.0,"9":266.0,"10":266.0,"11":269.0,"12":266.0,"13":266.0,"14":266.0,"15":266.0,"16":266.0,"17":266.0,"18":266.0,"19":266.0,"20":266.0,"21":266.0,"22":266.0,"23":266.0,"24":266.0,"25":266.0,"26":266.0,"27":266.0,"28":266.0,"29":266.0,"30":266.0,"31":266.0,"32":266.0,"33":266.0,"34":269.0,"35":266.0,"36":266.0}}